name,current_team,position,height,weight,birth_date,colleges,games_played,minutes_per_game,points_per_game,rebounds_per_game,assists_per_game,steals_per_game,blocks_per_game,field_goal_percentage,three_point_percentage,free_throw_percentage,turnovers_per_game
Giannis Antetokounmpo,MIL,PF,6-6,200,1994-12-31,,24.0,35.0,32.708332,11.583333,6.0,0.7083333,1.5,61.2770004272461,22.22222238779068,61.39699935913085,3.4166667
Nikola Jokic,DEN,C,6-6,200,1995-12-31,,23.0,37.47826,30.869566,12.956522,9.826087,1.7391304,0.6956522,56.34099960327148,50.495052337646484,79.59200286865234,3.7826087
LaMelo Ball,CHA,PG,6-6,200,2001-12-29,,20.0,33.65,30.4,5.3,7.45,1.4,0.2,42.137001037597656,34.35114622116089,84.03399658203125,4.25
Shai Gilgeous-Alexander,OKC,PG,6-6,200,1998-12-30,,27.0,34.62963,30.25926,5.4814816,6.185185,1.962963,1.0,50.793998718261726,33.52941274642944,86.79199981689453,2.6666667
Luka Doncic,DAL,PG,6-6,200,1999-12-30,,20.0,36.95,28.9,8.55,8.15,2.1,0.45,45.88999938964844,35.499998927116394,76.64199829101562,3.45
Jayson Tatum,BOS,SF,6-6,200,1998-12-30,,26.0,36.384617,28.846153,9.269231,5.6923075,1.1538461,0.46153846,46.26900100708008,37.1841162443161,80.31900024414062,2.8076923
Anthony Davis,LAL,PF,6-6,200,1993-12-31,,27.0,35.37037,26.88889,11.814815,3.4074075,1.2592592,2.1851852,52.38999938964844,30.000001192092896,78.11199951171875,2.2962964
De'Aaron Fox,SAC,PG,6-6,200,1997-12-30,,30.0,37.166668,26.233334,5.0,6.1666665,1.6333333,0.26666668,48.327999114990234,33.33333432674408,81.21499633789062,3.4666667
Damian Lillard,MIL,PG,6-6,200,1991-01-01,,22.0,36.363636,25.727272,4.5,7.5454545,1.0454545,0.18181819,44.96099853515625,37.07317113876343,91.61299896240234,3.0
Anthony Edwards,MIN,SG,6-6,200,2001-12-29,,27.0,35.925926,25.62963,5.4444447,4.0,1.3333334,0.5925926,44.750999450683594,42.124542593955994,80.53099822998047,3.0
Devin Booker,PHX,SG,6-6,200,1996-12-30,,26.0,36.576923,25.076923,3.6538463,6.3846154,1.1153846,0.34615386,43.85599899291992,34.49999988079071,89.89399719238281,2.2692308
Jalen Brunson,NY,PG,6-6,200,1996-12-30,,28.0,34.464287,25.071428,2.892857,7.607143,0.71428573,0.071428575,49.27199935913086,44.632768630981445,82.77799987792969,2.4642856
Tyrese Maxey,PHI,PG,6-6,200,2000-12-29,,20.0,36.7,25.05,3.55,4.95,1.95,0.35,41.231998443603516,32.97872245311737,81.98200225830078,2.2
Victor Wembanyama,SA,C,6-6,200,2004-12-28,,23.0,32.391304,24.695652,9.956522,3.8695652,1.1304348,3.7826087,47.75400161743164,34.928229451179504,87.5,3.5217392
Karl-Anthony Towns,NY,C,6-6,200,1995-12-31,,26.0,34.192307,24.5,14.0,3.4230769,0.88461536,1.0,52.96900177001953,45.864662528038025,84.41600036621094,2.6923077
Franz Wagner,ORL,SF,6-6,200,2001-12-29,,25.0,33.16,24.4,5.6,5.68,1.72,0.48,46.512001037597656,32.07547068595886,88.14800262451172,2.44
Tyler Herro,MIA,PG,6-6,200,2000-12-29,,26.0,35.03846,24.192308,5.5384617,4.8461537,0.8076923,0.07692308,47.29999923706055,40.613025426864624,85.0,2.4615386
Cade Cunningham,DET,PG,6-6,200,2001-12-29,,25.0,36.24,24.04,7.08,9.72,0.88,0.96,45.749000549316406,38.509318232536316,78.37799835205078,4.52
Norman Powell,LAC,G,6-6,200,1993-12-31,,22.0,32.909092,23.90909,3.3181818,2.590909,1.1363636,0.18181819,49.457000732421875,47.191011905670166,84.78299713134766,1.9545455
RJ Barrett,TOR,SG,6-6,200,2000-12-29,,24.0,34.333332,23.541666,6.75,6.125,0.75,0.45833334,45.494998931884766,35.036495327949524,72.53500366210938,3.4583333
Kyrie Irving,DAL,PG,6-6,200,1992-12-31,,25.0,35.44,23.52,4.64,5.36,1.16,0.24,48.88399887084961,45.5089807510376,88.09500122070312,2.12
Jaylen Brown,BOS,SG,6-6,200,1996-12-30,,23.0,35.260868,23.391304,5.826087,4.7391305,1.173913,0.3478261,44.00899887084961,32.31707215309143,74.63800048828125,2.652174
Donovan Mitchell,CLE,SG,6-6,200,1996-12-30,,28.0,31.607143,23.321428,4.678571,4.535714,1.5714285,0.2857143,45.24300003051758,40.466925501823425,79.80799865722656,2.107143
LeBron James,LAL,SF,6-6,200,1986-01-02,,26.0,34.96154,23.0,7.8846154,8.884615,0.8076923,0.61538464,48.93199920654297,34.899330139160156,75.21399688720703,4.0384617
Stephen Curry,GS,PG,6-6,200,1989-01-01,,22.0,30.772728,22.363636,4.9545455,6.5454545,1.2727273,0.45454547,44.474998474121094,41.07142984867096,91.76499938964844,3.0454545
James Harden,LAC,SG,6-6,200,1990-01-01,,28.0,33.892857,22.071428,6.428571,8.107142,1.5357143,0.64285713,38.98699951171875,34.913793206214905,89.70600128173828,4.678571
Zach LaVine,CHI,SG,6-6,200,1995-12-31,,25.0,33.2,22.0,4.44,4.16,0.84,0.24,50.12799835205078,44.44444477558136,81.31900024414062,2.8
Jalen Williams,OKC,F,6-6,200,2001-12-29,,27.0,32.37037,21.74074,5.888889,5.037037,1.8518518,0.7777778,49.35300064086914,38.73239457607269,80.43499755859375,2.3333333
Trae Young,ATL,PG,6-6,200,1998-12-30,,27.0,36.148148,21.555555,3.8888888,12.222222,1.3333334,0.14814815,39.03499984741211,31.981980800628662,88.06800079345703,4.5925927
Brandon Miller,CHA,F,6-6,200,2002-12-29,,22.0,34.409092,21.545454,5.181818,3.4545455,1.0909091,0.77272725,40.63999938964844,35.269710421562195,89.39399719238281,2.909091
Jaren Jackson Jr.,MEM,PF,6-6,200,1999-12-30,,27.0,27.814816,21.444445,5.814815,1.4444444,1.4814814,1.7037038,51.10599899291992,36.02941036224365,82.01399993896484,2.0
Domantas Sabonis,SAC,PF,6-6,200,1996-12-30,,28.0,35.964287,21.142857,13.535714,6.035714,0.8214286,0.42857143,60.3129997253418,41.79104566574097,79.06999969482422,2.892857
Nikola Vucevic,CHI,C,6-6,200,1991-01-01,,28.0,31.785715,20.857143,9.75,3.2142856,0.75,0.78571427,58.354000091552734,46.45669162273407,86.36399841308594,1.75
DeMar DeRozan,SAC,SF,6-6,200,1990-01-01,,25.0,35.28,20.8,3.84,3.88,1.52,0.44,47.85900115966797,30.769231915473938,86.11100006103516,1.6
Jordan Poole,WSH,SG,6-6,200,1999-12-30,,24.0,31.166666,20.791666,2.5,5.0,1.625,0.45833334,43.46699905395508,41.20602905750275,84.25900268554688,3.625
Darius Garland,CLE,PG,6-6,200,2000-12-29,,28.0,29.857143,20.321428,2.5714285,6.357143,1.0,0.25,49.034000396728516,44.21052634716034,94.0479965209961,2.4642856
Julius Randle,MIN,PF,6-6,200,1994-12-31,,27.0,32.851852,20.074074,6.703704,4.0,0.7777778,0.14814815,47.667999267578125,35.71428656578064,81.64600372314453,2.7407408
Pascal Siakam,IND,PF,6-6,200,1994-12-31,,29.0,34.310345,20.068966,7.0689654,3.4482758,0.8965517,0.31034482,52.481998443603516,42.51968562602997,77.77799987792969,1.4137931
Jalen Green,HOU,SG,6-6,200,2002-12-29,,28.0,32.607143,19.607143,4.75,2.607143,1.0714285,0.2857143,40.69300079345703,31.506848335266113,86.66699981689453,2.7142856
Jalen Johnson,ATL,SF,6-6,200,2001-12-29,,27.0,36.592594,19.481482,10.111111,5.5185184,1.4074074,1.1111112,49.63999938964844,34.18803513050079,75.0,3.2592592
Cameron Johnson,BKN,SF,6-6,200,1996-12-30,,27.0,32.77778,19.148148,4.4074073,3.148148,0.8518519,0.5185185,48.84400177001953,42.23301112651825,87.61900329589844,1.2962962
Jamal Murray,DEN,PG,6-6,200,1997-12-30,,21.0,36.285713,19.095238,4.095238,6.142857,1.5714285,0.61904764,43.027000427246094,34.645670652389526,81.70700073242188,2.1904762
Lauri Markkanen,UTAH,PF,6-6,200,1997-12-30,,22.0,31.954546,19.045454,6.590909,2.090909,0.6818182,0.22727273,44.67399978637695,37.17948794364929,88.59600067138672,1.4545455
Alperen Sengun,HOU,C,6-6,200,2002-12-29,,28.0,31.25,18.714285,10.535714,5.25,1.25,1.0357143,48.12200164794922,23.80952388048172,75.91200256347656,2.3214285
Jimmy Butler,MIA,SF,6-6,200,1990-01-01,,20.0,31.35,18.45,5.75,4.85,1.25,0.4,55.20399856567383,35.71428656578064,78.23100280761719,1.3
Evan Mobley,CLE,PF,6-6,200,2001-12-29,,27.0,30.222221,18.37037,9.0,2.851852,1.074074,1.4074074,57.14300155639649,40.00000059604645,78.57099914550781,2.1111112
Gradey Dick,TOR,G,6-6,200,2003-12-29,,24.0,32.375,18.291666,3.375,2.125,0.8333333,0.25,42.0,35.428571701049805,88.2979965209961,1.7083334
Michael Porter Jr.,DEN,SF,6-6,200,1998-12-30,,26.0,34.615383,18.038462,6.9615383,2.7692308,0.84615386,0.42307693,50.695999145507805,38.46153914928436,69.23100280761719,1.4230769
Tyrese Haliburton,IND,PG,6-6,200,2000-12-29,,29.0,35.206898,17.827587,3.4482758,8.655172,1.2413793,0.62068963,42.856998443603516,35.71428656578064,83.90799713134766,2.0
Coby White,CHI,PG,6-6,200,2000-12-29,,27.0,32.444443,17.74074,3.4814816,4.4074073,1.1481482,0.18518518,41.513999938964844,35.89743673801422,87.5,2.3703704
John Collins,UTAH,PF,6-6,200,1997-12-30,,26.0,30.0,17.692308,8.230769,2.5,1.1153846,0.84615386,52.33599853515625,42.35294163227081,87.12899780273438,2.5769231
Anfernee Simons,POR,SG,6-6,200,1999-12-30,,25.0,31.08,17.68,2.64,4.84,1.04,0.08,41.222999572753906,32.82051384449005,90.66699981689453,2.36
Shaedon Sharpe,POR,SG,6-6,200,2003-12-29,,20.0,30.65,17.65,3.55,2.45,0.75,0.2,44.79199981689453,28.00000011920929,80.0,1.75
Dennis Schroder,GS,PG,6-6,200,1993-12-31,,25.0,32.88,17.52,2.88,6.4,1.08,0.2,44.05799865722656,36.70886158943176,87.35600280761719,2.64
Mikal Bridges,NY,SF,6-6,200,1996-12-30,,28.0,38.57143,17.464285,3.4642856,3.2857144,1.0714285,0.5,49.15299987792969,35.10638177394867,65.38500213623047,1.6071428
Andrew Wiggins,GS,SF,6-6,200,1995-12-31,,23.0,28.47826,17.391304,4.0869565,2.3043478,1.0,0.73913044,46.25899887084961,44.262295961380005,77.8949966430664,1.173913
Jaden Ivey,DET,PG,6-6,200,2002-12-29,,26.0,30.346153,17.384615,4.269231,4.3076925,0.96153843,0.3846154,43.83599853515625,38.05970251560211,73.63600158691406,2.9230769
Austin Reaves,LAL,SG,6-6,200,1998-12-30,,23.0,33.782608,17.217392,3.6956522,5.0434785,1.0434783,0.17391305,43.68899917602539,35.087719559669495,79.51799774169922,2.1304348
Derrick White,BOS,PG,6-6,200,1994-12-31,,27.0,34.185184,17.0,4.851852,4.703704,1.037037,1.1111112,44.444000244140625,38.46153914928436,85.24600219726562,1.4814814
Collin Sexton,UTAH,PG,6-6,200,1999-12-30,,27.0,28.037037,16.851852,2.5555556,3.3333333,0.8148148,0.11111111,48.92300033569336,43.75,88.88899993896484,2.6296296
Bennedict Mathurin,IND,SG,6-6,200,2002-12-29,,29.0,32.793102,16.724138,6.2413793,1.8275862,0.7586207,0.37931034,45.915000915527344,36.20689511299133,85.4010009765625,2.1034484
OG Anunoby,NY,SF,6-6,200,1997-12-30,,28.0,36.607143,16.642857,4.964286,2.0714285,1.6071428,1.1071428,46.79100036621094,34.705883264541626,81.42900085449219,1.3214285
Bam Adebayo,MIA,C,6-6,200,1997-12-30,,26.0,35.0,16.461538,10.076923,4.730769,1.4615384,0.7307692,45.27799987792969,31.081080436706543,70.53600311279297,2.0769231
Malik Beasley,DET,SG,6-6,200,1996-12-30,,29.0,28.586206,16.413794,3.0344827,1.9655173,0.79310346,0.06896552,42.930999755859375,41.263940930366516,70.45500183105469,1.1034483
Keyonte George,UTAH,G,6-6,200,2003-12-29,,25.0,31.64,16.2,3.36,5.72,0.72,0.2,39.35900115966797,34.871795773506165,80.7229995727539,3.32
Jalen Suggs,ORL,SG,6-6,200,2001-12-29,,28.0,29.964285,16.035715,4.178571,3.9285715,1.5357143,1.0357143,40.51900100708008,31.00000023841858,91.46299743652344,2.857143
Payton Pritchard,BOS,PG,6-6,200,1998-12-30,,28.0,28.821428,16.0,3.7142856,3.2142856,1.0,0.10714286,47.79899978637695,43.145161867141724,84.09100341796875,1.0357143
Malik Monk,SAC,SG,6-6,200,1998-12-30,,23.0,29.73913,15.695652,3.6086957,4.9130435,0.7826087,0.65217394,43.959999084472656,35.0649356842041,84.90599822998047,1.7826087
Jerami Grant,POR,SF,6-6,200,1994-12-31,,26.0,32.884617,15.538462,3.5384614,2.3846154,0.96153843,1.0,38.21799850463867,37.142857909202576,82.02200317382812,1.4615384
Jakob Poeltl,TOR,C,6-6,200,1995-12-31,,26.0,32.115383,15.538462,11.038462,2.7307692,1.1153846,1.2307693,58.903999328613274,0.0,68.18199920654297,2.1538463
Jared McCain,PHI,G,6-6,200,2004-12-28,,23.0,25.73913,15.304348,2.4347825,2.6086957,0.65217394,0.0,45.98500061035156,38.34586441516876,87.5,1.6086956
Jonathan Kuminga,GS,PF,6-6,200,2002-12-29,,25.0,25.24,15.08,4.36,1.96,0.92,0.6,43.55799865722656,32.258063554763794,60.0,1.56
Myles Turner,IND,C,6-6,200,1996-12-30,,27.0,31.333334,15.037037,6.9259257,1.5925926,0.8888889,2.074074,48.185001373291016,40.74074029922485,73.75,2.4074075
Ivica Zubac,LAC,C,6-6,200,1997-12-30,,29.0,32.24138,15.0,12.379311,2.5517242,0.62068963,1.0,60.9379997253418,0.0,53.57099914550781,1.9310344
Desmond Bane,MEM,SG,6-6,200,1998-12-30,,21.0,28.0,14.857142,5.8095236,4.714286,1.0952381,0.47619048,45.4900016784668,34.18803513050079,85.10600280761719,2.1904762
Christian Braun,DEN,G,6-6,200,2001-12-29,,25.0,34.44,14.76,4.96,1.92,1.32,0.64,56.224998474121094,40.00000059604645,78.75,1.32
Fred VanVleet,HOU,PG,6-6,200,1994-12-31,,26.0,35.46154,14.692307,4.3461537,6.0384617,1.5,0.46153846,36.915000915527344,29.499998688697815,80.88200378417969,1.3461539
Klay Thompson,DAL,SG,6-6,200,1991-01-01,,24.0,27.583334,14.416667,3.4583333,1.8333334,0.875,0.33333334,42.32099914550781,39.15343880653381,88.88899993896484,1.1666666
Josh Hart,NY,SG,6-6,200,1995-12-31,,27.0,37.0,14.074074,8.185185,5.4814816,1.4814814,0.37037036,58.729999542236335,39.78494703769684,81.03399658203125,1.7777778
Buddy Hield,GS,SG,6-6,200,1992-12-31,,27.0,23.74074,13.962963,3.4074075,1.3703704,0.9259259,0.2962963,45.27000045776367,42.07920730113983,92.30799865722656,1.2592592
Bobby Portis,MIL,F,6-6,200,1995-12-31,,26.0,24.23077,13.730769,7.576923,1.9230769,0.65384614,0.61538464,49.02000045776367,40.00000059604645,72.41400146484375,1.1923077
Dillon Brooks,HOU,SF,6-6,200,1996-12-30,,28.0,31.642857,13.642858,3.9642856,1.6071428,0.71428573,0.2857143,42.99100112915039,38.41463327407837,86.0,1.1428572
Tobias Harris,DET,F,6-6,200,1992-12-31,,27.0,32.074074,13.518518,6.7777777,2.3703704,0.7777778,0.8888889,44.194000244140625,33.62068831920624,83.87100219726562,1.2222222
Santi Aldama,MEM,PF,6-6,200,2001-12-29,,29.0,26.275862,13.379311,7.448276,3.0689654,0.8965517,0.51724136,50.83599853515624,38.34586441516876,78.57099914550781,1.2413793
Kelly Oubre Jr.,PHI,SG,6-6,200,1995-12-31,,26.0,31.961538,13.269231,5.730769,1.5,1.2307693,0.5,45.83300018310547,32.1739137172699,70.96800231933594,1.3461539
Jarrett Allen,CLE,C,6-6,200,1998-12-30,,29.0,29.344828,13.206897,10.137931,1.8275862,1.0,0.79310346,69.19599914550781,0.0,73.0,1.0689656
Bilal Coulibaly,WSH,SG,6-6,200,2004-12-28,,25.0,34.88,13.12,5.72,3.44,1.52,0.76,44.029998779296875,30.20833432674408,78.75,2.12
Dyson Daniels,ATL,G,6-6,200,2003-12-29,,27.0,33.555557,13.074074,5.037037,3.4444444,3.0,0.8888889,45.2599983215332,31.06796145439148,60.97600173950195,1.962963
Moritz Wagner,ORL,C,6-6,200,1997-12-30,,30.0,18.8,12.866667,4.9333334,1.4,0.8,0.4,56.224998474121094,36.000001430511475,71.81800079345703,1.6333333
Ayo Dosunmu,CHI,SG,6-6,200,2000-12-29,,29.0,30.689655,12.827586,3.9310346,4.62069,0.7586207,0.4827586,49.827999114990234,33.33333432674408,80.76899719238281,1.2413793
Tyus Jones,PHX,PG,6-6,200,1996-12-30,,27.0,32.0,12.777778,2.5185184,6.703704,1.037037,0.11111111,49.810001373291016,44.13793087005615,86.36399841308594,1.1111112
D'Angelo Russell,LAL,PG,6-6,200,1996-12-30,,27.0,26.666666,12.777778,2.8888888,4.703704,0.8518519,0.14814815,41.891998291015625,33.75000059604645,84.31400299072266,1.7407408
P.J. Washington,DAL,PF,6-6,200,1998-12-30,,22.0,32.954544,12.636364,8.090909,2.2272727,1.3181819,1.1818181,44.689998626708984,38.63636255264282,75.0,1.7272727
Keldon Johnson,SA,SF,6-6,200,1999-12-30,,25.0,25.32,12.52,5.2,1.68,0.8,0.24,45.0,28.865978121757507,76.11900329589844,0.8
Julian Champagnie,SA,F,6-6,200,2001-12-29,,28.0,29.285715,12.392858,5.035714,1.4285715,0.89285713,0.5714286,42.70500183105469,35.323384404182434,90.0,1.1071428
Deni Avdija,POR,SF,6-6,200,2001-12-29,,28.0,26.428572,12.321428,5.714286,3.0714285,0.96428573,0.71428573,42.965999603271484,35.39822995662689,79.7979965209961,2.0714285
Keegan Murray,SAC,SF,6-6,200,2000-12-29,,29.0,35.689655,12.137931,7.413793,1.4482758,0.6896552,0.82758623,42.10499954223633,30.188679695129395,86.48600006103516,0.9655172
Jrue Holiday,BOS,PG,6-6,200,1991-01-01,,25.0,30.52,12.08,4.16,3.84,0.8,0.36,44.130001068115234,32.35294222831726,88.88899993896484,1.36
Caris LeVert,CLE,SG,6-6,200,1994-12-31,,23.0,24.0,12.043478,2.7826087,4.130435,1.0,0.47826087,52.1510009765625,46.666666865348816,68.33300018310547,1.4347826
Daniel Gafford,DAL,C,6-6,200,1998-12-30,,27.0,20.37037,12.037037,6.4074073,1.2962962,0.4814815,1.1851852,72.33999633789062,0.0,67.08899688720703,1.037037
Russell Westbrook,DEN,PG,6-6,200,1989-01-01,,26.0,25.884615,12.0,4.1153846,6.423077,1.6923077,0.65384614,42.9119987487793,32.97872245311737,61.957000732421875,2.6153846
Terry Rozier,MIA,SG,6-6,200,1994-12-31,,24.0,28.666666,12.0,3.9583333,3.0,0.625,0.375,40.23899841308594,34.375,89.36199951171875,1.4583334
Rui Hachimura,LAL,PF,6-6,200,1998-12-30,,23.0,33.391304,12.0,5.695652,1.6956521,1.0,0.65217394,47.90700149536133,41.77215099334717,80.43499755859375,0.95652175
Naz Reid,MIN,C,6-6,200,1999-12-30,,27.0,24.481482,12.0,5.148148,1.6296296,0.7037037,0.8148148,44.65599822998047,35.8208954334259,87.5,1.2592592
Jabari Smith Jr.,HOU,PF,6-6,200,2003-12-29,,28.0,30.928572,11.964286,6.678571,1.0714285,0.35714287,1.0357143,43.93899917602539,36.29629611968994,87.09700012207031,0.78571427
Josh Giddey,CHI,SG,6-6,200,2002-12-29,,27.0,27.11111,11.888889,6.4074073,6.9259257,0.962963,0.44444445,45.185001373291016,32.673266530036926,70.96800231933594,2.7037036
Ochai Agbaji,TOR,G,6-6,200,2000-12-29,,29.0,31.0,11.862069,4.172414,1.862069,0.9655172,0.51724136,52.672000885009766,44.44444477558136,66.66699981689453,0.82758623
Naji Marshall,DAL,SF,6-6,200,1998-12-30,,23.0,24.173914,11.782609,3.4347825,2.3043478,0.95652175,0.08695652,53.46500015258789,32.258063554763794,87.5,1.4347826
Brandon Boston,NO,SG,6-6,200,2001-12-29,,27.0,26.592592,11.777778,3.4444444,3.0,1.4074074,0.25925925,43.54199981689453,34.3137264251709,81.03399658203125,1.4814814
Amen Thompson,HOU,F,6-6,200,2003-12-29,,28.0,26.857143,11.75,6.785714,2.107143,1.1071428,0.9285714,55.310001373291016,29.032257199287415,69.30699920654297,1.8214285
Jonas Valanciunas,WSH,C,6-6,200,1992-12-31,,26.0,19.384615,11.538462,7.576923,2.2692308,0.30769232,0.7692308,55.250999450683594,13.333334028720856,91.8030014038086,1.7307693
Jaylen Wells,MEM,F,6-6,200,2003-12-29,,29.0,24.413794,11.5172415,3.275862,1.6896552,0.4827586,0.1724138,46.564998626708984,39.69465792179108,80.85099792480469,1.2068965
Stephon Castle,SA,G,6-6,200,2004-12-28,,27.0,26.74074,11.407408,2.5925925,3.8888888,0.8888889,0.37037036,37.63100051879883,26.363635063171387,73.25599670410156,1.8888888
Onyeka Okongwu,ATL,PF,6-6,200,2000-12-29,,25.0,23.76,11.32,6.64,1.4,0.68,0.68,54.1870002746582,24.390244483947754,77.94100189208984,0.84
Brook Lopez,MIL,C,6-6,200,1989-01-01,,27.0,32.296295,11.296296,4.814815,1.5185186,0.962963,2.0370371,47.73699951171875,36.56716346740723,70.58799743652344,1.1481482
T.J. McConnell,IND,PG,6-6,200,1992-12-31,,28.0,19.892857,11.285714,2.6785715,4.428571,1.2857143,0.2857143,56.47100067138672,20.000000298023224,75.75800323486328,1.5714285
Tari Eason,HOU,F,6-6,200,2001-12-29,,24.0,22.75,11.25,6.2916665,1.0416666,1.9166666,1.0,47.51100158691406,31.506848335266113,75.51000213623047,0.8333333
Corey Kispert,WSH,SF,6-6,200,1999-12-30,,21.0,27.142857,11.238095,3.3809524,1.4761904,0.5714286,0.23809524,43.0,33.60655605792999,85.18499755859375,1.0952381
Alexandre Sarr,WSH,PF,6-6,200,2005-12-28,,24.0,27.333334,11.208333,6.375,2.125,0.75,1.7916666,39.68899917602539,29.0909081697464,63.4620018005371,1.5
Duncan Robinson,MIA,F,6-6,200,1994-12-31,,25.0,23.08,11.16,2.32,2.4,0.48,0.12,41.42300033569336,37.57575750350952,86.36399841308594,0.92
Royce O'Neale,PHX,PF,6-6,200,1993-12-31,,27.0,26.518518,11.074074,5.814815,2.1851852,0.9259259,0.5555556,46.69599914550781,46.71052694320679,76.19000244140625,1.074074
Harrison Barnes,SA,SF,6-6,200,1992-12-31,,28.0,28.321428,10.928572,4.071429,1.6428572,0.2857143,0.17857143,48.095001220703125,43.29896867275238,79.48699951171875,0.75
Obi Toppin,IND,PF,6-6,200,1998-12-30,,28.0,20.464285,10.785714,4.107143,1.8214285,0.78571427,0.39285713,54.67300033569336,35.576921701431274,86.11100006103516,0.6785714
Zaccharie Risacher,ATL,PF,6-6,200,2005-12-28,,29.0,23.586206,10.75862,3.310345,1.137931,0.82758623,0.6551724,39.51900100708008,27.419355511665344,68.57099914550781,1.0689656
Ty Jerome,CLE,SG,6-6,200,1997-12-30,,28.0,18.107143,10.75,2.1785715,3.5,1.25,0.035714287,52.63199996948242,44.44444477558136,91.11100006103516,1.25
Scoot Henderson,POR,G,6-6,200,2004-12-28,,21.0,25.571428,10.714286,2.8095238,4.8095236,0.85714287,0.1904762,38.834999084472656,28.57142984867096,76.27100372314453,2.7142856
Walker Kessler,UTAH,C,6-6,200,2001-12-29,,21.0,28.952381,10.619047,10.428572,1.5714285,0.47619048,2.9047618,72.18000030517578,100.0,57.99999999999999,1.4761904
Rudy Gobert,MIN,C,6-6,200,1992-12-31,,27.0,34.074074,10.592592,10.777778,1.925926,0.7777778,1.3703704,64.6709976196289,0.0,72.91699981689453,1.5555556
Scotty Pippen Jr.,MEM,G,6-6,200,2000-12-29,,29.0,22.62069,10.586206,3.5172415,5.2413793,1.0344827,0.3448276,47.98400115966797,34.52380895614624,66.66699981689453,2.1034484
Grayson Allen,PHX,SG,6-6,200,1995-12-31,,23.0,23.913044,10.434783,3.2173913,1.826087,0.8695652,0.3043478,40.4370002746582,37.593984603881836,84.0,1.0434783
Miles McBride,NY,PG,6-6,200,2000-12-29,,23.0,24.913044,10.304348,2.6086957,2.9130435,0.8695652,0.2173913,43.979000091552734,41.228070855140686,84.61499786376953,0.95652175
Jaden McDaniels,MIN,PF,6-6,200,2000-12-29,,27.0,30.185184,10.185185,4.3703704,1.7777778,1.3333334,0.7777778,43.95199966430664,32.380953431129456,69.6969985961914,1.037037
Amir Coffey,LAC,SG,6-6,200,1997-12-30,,28.0,24.5,10.178572,2.5357144,1.2857143,0.5714286,0.071428575,50.0,42.990654706954956,81.3949966430664,0.6785714
Luguentz Dort,OKC,G,6-6,200,1999-12-30,,27.0,29.444445,10.074074,4.6296296,1.7037038,1.2962962,0.8148148,41.62900161743164,40.54054021835327,80.0,0.5925926
Tim Hardaway Jr.,DET,SF,6-6,200,1992-12-31,,26.0,27.76923,10.038462,2.0384614,1.5769231,0.3846154,0.0,41.42900085449219,35.915493965148926,85.71399688720703,0.65384614
Clint Capela,ATL,C,6-6,200,1994-12-31,,29.0,22.827587,9.965517,9.344828,1.2413793,0.5862069,1.0689656,57.26900100708008,0.0,51.78599929809571,0.86206895
Dalton Knecht,LAL,G,6-6,200,2001-12-29,,28.0,22.464285,9.928572,3.5,1.0714285,0.4642857,0.035714287,46.42900085449219,37.03703582286835,71.42900085449219,0.60714287
Chris Boucher,TOR,PF,6-6,200,1993-12-31,,26.0,18.115385,9.923077,4.5,0.7307692,0.53846157,0.7307692,45.4109992980957,27.272728085517883,75.43900299072266,0.7692308
Kevin Porter Jr.,LAC,G,6-6,200,2000-12-29,,26.0,20.23077,9.923077,3.5769231,2.9615386,1.0,0.26923078,42.5099983215332,24.637681245803833,63.26499938964844,2.2692308
Dalano Banton,POR,G,6-6,200,1999-12-30,,24.0,16.666666,9.791667,2.2916667,2.625,0.9166667,0.5416667,42.21099853515625,36.4705890417099,66.66699981689453,1.6666666
Derrick Jones Jr.,LAC,SF,6-6,200,1997-12-30,,27.0,24.555555,9.740741,3.2962964,0.9259259,1.2592592,0.33333334,50.0,41.025641560554504,87.09700012207031,1.037037
Kevin Huerter,SAC,SG,6-6,200,1998-12-30,,26.0,25.384615,9.692307,3.5,1.9615384,1.0384616,0.46153846,43.43899917602539,31.081080436706543,66.66699981689453,1.0
Yves Missi,NO,C,6-6,200,2004-12-28,,29.0,26.586206,9.689655,8.586206,1.2068965,0.7241379,1.2068965,55.72100067138672,0.0,64.77300262451172,1.1724138
Chris Paul,SA,PG,6-6,200,1986-01-02,,28.0,28.321428,9.571428,4.107143,8.392858,1.4642857,0.21428572,43.12799835205078,36.496350169181824,100.0,1.8571428
Nic Claxton,BKN,C,6-6,200,1999-12-30,,22.0,24.636364,9.5,7.318182,2.0454545,0.77272725,1.2272727,61.4379997253418,25.0,46.512001037597656,1.1818181
Goga Bitadze,ORL,C,6-6,200,1999-12-30,,25.0,23.96,9.48,8.04,1.92,0.72,1.6,65.35900115966797,0.0,77.08300018310547,1.4
Nickeil Alexander-Walker,MIN,SG,6-6,200,1998-12-30,,27.0,23.555555,9.444445,2.6666667,2.4074075,0.8888889,0.33333334,50.0,42.57425665855408,76.47100067138672,1.4074074
Jusuf Nurkic,PHX,C,6-6,200,1994-12-31,,20.0,25.0,9.35,9.85,1.55,1.0,0.7,45.775001525878906,28.00000011920929,69.3550033569336,2.3
Julian Strawther,DEN,G,6-6,200,2002-12-29,,26.0,20.615385,9.307693,2.0384614,1.3846154,0.6923077,0.42307693,46.926998138427734,38.46153914928436,82.97899627685547,0.84615386
Quentin Grimes,DAL,SG,6-6,200,2000-12-29,,26.0,20.76923,9.230769,3.6923077,1.4615384,0.7307692,0.1923077,48.810001373291016,42.26804077625275,72.91699981689453,1.1923077
Jalen Duren,DET,C,6-6,200,2003-12-29,,26.0,24.653847,9.153846,9.192307,2.3076923,0.46153846,1.1538461,70.0,0.0,58.33300018310547,2.0384614
Jay Huff,MEM,C,6-6,200,1997-12-30,,27.0,15.185185,9.148149,2.7777777,0.8148148,0.2962963,1.1851852,51.49700164794921,41.12149477005005,75.61000061035156,0.6296296
Gary Trent Jr.,MIL,SG,6-6,200,1999-12-30,,25.0,25.68,9.12,2.12,0.96,0.92,0.04,40.625,37.98449635505676,88.46199798583984,0.56
Guerschon Yabusele,PHI,F,6-6,200,1995-12-31,,26.0,23.346153,9.115385,5.230769,1.8076923,0.65384614,0.3846154,48.33300018310547,36.84210479259491,60.86999893188476,1.3846154
Jalen Wilson,BKN,F,6-6,200,2000-12-29,,27.0,25.296297,9.037037,3.4814816,1.7777778,0.5555556,0.037037037,40.0989990234375,33.043476939201355,84.61499786376953,0.9259259
Dereck Lively II,DAL,C,6-6,200,2004-12-28,,23.0,24.217392,9.0,7.826087,2.5217392,0.6086956,1.6521739,70.83300018310547,0.0,61.66699981689453,1.2608696
Toumani Camara,POR,F,6-6,200,2000-12-29,,28.0,30.535715,8.964286,5.285714,2.0714285,1.3928572,0.4642857,42.27299880981445,36.44067943096161,73.33300018310547,1.5714285
Donte DiVincenzo,MIN,SG,6-6,200,1997-12-30,,27.0,24.814816,8.925926,3.2222223,3.4444444,1.2222222,0.22222222,37.33300018310547,33.139535784721375,76.19000244140625,1.6666666
Peyton Watson,DEN,F,6-6,200,2002-12-29,,26.0,24.038462,8.884615,3.3846154,1.3461539,0.8076923,0.9230769,49.12300109863281,36.36363744735718,76.78600311279297,0.8076923
Draymond Green,GS,PF,6-6,200,1991-01-01,,24.0,28.208334,8.875,6.0,5.5833335,1.0,0.9583333,43.11399841308594,39.32584226131439,64.1510009765625,2.5416667
Georges Niang,CLE,SF,6-6,200,1993-12-31,,29.0,20.862068,8.827586,4.034483,1.2758621,0.3448276,0.1724138,48.03900146484375,37.40457892417908,78.57099914550781,0.9655172
Al Horford,BOS,C,6-6,200,1987-01-02,,21.0,27.571428,8.809524,5.3809524,2.1904762,0.71428573,0.95238096,45.94599914550781,39.62264060974121,87.5,1.0
Cody Martin,CHA,SF,6-6,200,1995-12-31,,28.0,26.035715,8.785714,4.678571,2.25,1.1785715,0.6785714,44.762001037597656,32.692307233810425,68.57099914550781,1.0714285
Jake LaRavia,MEM,F,6-6,200,2001-12-29,,29.0,22.931034,8.75862,4.5172415,3.413793,0.9310345,0.62068963,50.0,44.7761207818985,71.875,1.5517242
Kentavious Caldwell-Pope,ORL,SG,6-6,200,1993-12-31,,29.0,30.62069,8.724138,2.0344827,1.862069,1.5517242,0.62068963,40.0,30.215826630592346,91.48899841308594,0.79310346
Aaron Wiggins,OKC,SG,6-6,200,1999-12-30,,27.0,20.074074,8.703704,3.3333333,1.4074074,0.8888889,0.2962963,44.827999114990234,40.00000059604645,78.9469985961914,0.7777778
Anthony Black,ORL,G,6-6,200,2004-12-28,,30.0,24.133333,8.7,2.6666667,3.7,0.93333334,0.73333335,42.6609992980957,27.027025818824768,72.36799621582031,2.3
Caleb Martin,PHI,SF,6-6,200,1995-12-31,,21.0,29.095238,8.666667,4.5238094,2.2857144,0.95238096,0.42857143,39.87300109863281,27.77777910232544,66.12899780273438,1.7619047
Carlton Carrington,WSH,G,6-6,200,2005-12-28,,26.0,29.384615,8.653846,4.4615383,3.8461537,0.88461536,0.26923078,38.709999084472656,32.45614171028137,80.0,1.9230769
Jaime Jaquez Jr.,MIA,G,6-6,200,2001-12-29,,22.0,21.318182,8.636364,4.7272725,2.2727273,0.95454544,0.09090909,41.41999816894531,23.255814611911774,72.72699737548828,1.5454545
Sam Hauser,BOS,SF,6-6,200,1997-12-30,,21.0,22.428572,8.619047,3.5238094,1.0476191,0.85714287,0.23809524,43.70899963378906,37.30158805847168,100.0,0.3809524
Ziaire Williams,BKN,F,6-6,200,2001-12-29,,21.0,21.857143,8.619047,4.3809524,1.1428572,0.95238096,0.33333334,40.25199890136719,27.272728085517883,79.54499816894531,0.9047619
Isaiah Joe,OKC,SG,6-6,200,1999-12-30,,25.0,21.0,8.56,2.68,1.52,0.64,0.24,40.54100036621094,37.24137842655182,76.9229965209961,0.48
Spencer Dinwiddie,DAL,PG,6-6,200,1993-12-31,,26.0,22.307692,8.538462,1.9230769,3.3461537,0.84615386,0.26923078,38.689998626708984,34.020617604255676,86.76499938964844,0.84615386
Brandin Podziemski,GS,G,6-6,200,2003-12-29,,26.0,24.346153,8.384615,4.6923075,3.3846154,0.88461536,0.26923078,40.284000396728516,27.08333432674408,73.33300018310547,1.1153846
Mike Conley,MIN,PG,6-6,200,1988-01-02,,23.0,25.434782,8.217391,2.9130435,4.6086955,1.4347826,0.26086956,33.72100067138672,35.83333194255829,90.90899658203125,1.3913044
Tristan da Silva,ORL,F,6-6,200,2001-12-29,,26.0,23.884615,7.9615383,3.5,1.5,0.34615386,0.15384616,41.79899978637695,32.608696818351746,73.0770034790039,0.7307692
Brice Sensabaugh,UTAH,F,6-6,200,2003-12-29,,21.0,16.714285,7.904762,2.4761906,1.2380953,0.61904764,0.0952381,45.3849983215332,40.47619104385376,87.5,1.4761904
AJ Green,MIL,G,6-6,200,1999-12-30,,26.0,21.346153,7.6923075,2.1538463,1.2692307,0.5769231,0.115384616,45.577999114990234,45.864662528038025,83.33300018310547,0.65384614
Jalen Smith,CHI,PF,6-6,200,2000-12-29,,26.0,15.423077,7.6538463,5.4615383,0.7692308,0.34615386,0.7692308,45.33300018310547,36.14457845687866,78.57099914550781,0.5769231
Trayce Jackson-Davis,GS,F,6-6,200,2000-12-29,,26.0,17.23077,7.6153846,5.0,2.0,0.30769232,0.7307692,62.143001556396484,0.0,60.0,0.7692308
Taurean Prince,MIL,PF,6-6,200,1994-12-31,,27.0,26.37037,7.5925927,4.0740743,1.7777778,0.8888889,0.18518518,47.40299987792969,50.0,84.61499786376953,1.2222222
Brandon Clarke,MEM,PF,6-6,200,1996-12-30,,28.0,18.678572,7.571429,5.107143,1.0357143,0.75,0.42857143,61.111000061035156,6.25,59.090999603271484,0.53571427
Josh Green,CHA,SG,6-6,200,2000-12-29,,26.0,27.884615,7.4615383,2.5769231,1.5769231,0.9230769,0.34615386,42.51499938964844,41.57303273677826,60.0,0.96153843
Cameron Payne,NY,PG,6-6,200,1994-12-31,,22.0,16.727272,7.4545455,1.7727273,3.090909,0.59090906,0.36363637,42.856998443603516,41.17647111415863,81.81800079345703,0.45454547
Moses Moody,GS,SG,6-6,200,2002-12-29,,23.0,15.565217,7.4347825,1.8695652,0.8695652,0.26086956,0.26086956,42.02899932861328,36.58536672592163,71.42900085449219,0.7826087
Kyshawn George,WSH,F,6-6,200,2003-12-29,,21.0,25.571428,7.285714,4.047619,2.4761906,0.6666667,0.71428573,33.75,24.038460850715637,71.42900085449219,1.0476191
Talen Horton-Tucker,CHI,SF,6-6,200,2000-12-29,,23.0,12.086957,7.173913,2.0434783,1.4347826,0.3043478,0.2173913,51.28200149536133,43.13725531101227,65.71399688720703,0.5652174
Andre Drummond,PHI,C,6-6,200,1993-12-31,,23.0,19.826086,7.130435,8.26087,0.47826087,1.3043479,0.4347826,50.0,11.11111119389534,57.40700149536133,1.7391304
Sam Merrill,CLE,SG,6-6,200,1996-12-30,,25.0,19.72,6.8,1.88,1.68,0.56,0.2,36.84199905395508,32.33082592487335,93.75,0.48
Kris Dunn,LAC,G,6-6,200,1994-12-31,,29.0,23.068966,6.7586207,3.4827585,2.724138,1.7241379,0.27586207,44.19900131225586,33.69565308094025,50.0,1.0344827
Jeremiah Robinson-Earl,NO,F,6-6,200,2000-12-29,,27.0,19.518518,6.740741,4.851852,1.1481482,0.7407407,0.11111111,43.94900131225586,31.343284249305725,88.46199798583984,0.8518519
Davion Mitchell,TOR,PG,6-6,200,1998-12-30,,27.0,26.777779,6.703704,2.2592592,5.037037,0.8148148,0.25925925,39.76599884033203,29.26829159259796,67.74199676513672,1.962963
Cason Wallace,OKC,G,6-6,200,2003-12-29,,27.0,26.333334,6.6666665,3.5555556,2.1851852,1.6296296,0.7777778,42.2859992980957,30.2325576543808,85.71399688720703,0.6296296
Shake Milton,BKN,SG,6-6,200,1996-12-30,,24.0,17.291666,6.625,1.8333334,2.0416667,0.45833334,0.041666668,46.15399932861328,36.20689511299133,75.0,0.625
Haywood Highsmith,MIA,F,6-6,200,1996-12-30,,24.0,24.041666,6.625,3.0,1.0416666,1.0833334,0.7083333,47.15399932861328,42.25352108478546,68.4209976196289,0.75
Johnny Juzang,UTAH,G,6-6,200,2001-12-29,,23.0,16.913044,6.5652175,2.173913,1.0434783,0.39130434,0.17391305,40.0,38.297873735427856,84.61499786376953,0.47826087
Isaac Okoro,CLE,SF,6-6,200,2001-12-29,,23.0,21.0,6.5652175,2.2608695,1.7391304,0.73913044,0.4347826,49.53300094604492,49.18032884597778,71.42900085449219,0.39130434
Simone Fontecchio,DET,F,6-6,200,1995-12-31,,27.0,18.148148,6.5555553,2.8148148,0.8518519,0.33333334,0.18518518,40.7140007019043,34.78260934352875,81.5790023803711,0.8148148
Jaden Hardy,DAL,G,6-6,200,2002-12-29,,22.0,14.545455,6.5454545,1.3636364,1.2272727,0.6363636,0.045454547,39.097999572753906,30.50847351551056,88.0,1.4090909
KJ Martin,PHI,F,6-6,200,2001-12-29,,23.0,20.0,6.521739,2.8695652,0.7826087,0.4347826,0.6956522,64.12999725341797,40.00000059604645,82.75900268554688,0.5217391
Keon Ellis,SAC,G,6-6,200,2000-12-29,,28.0,20.142857,6.321429,2.2142856,1.0714285,1.1785715,0.8214286,45.96799850463867,40.449437499046326,84.375,0.75
Terance Mann,LAC,SG,6-6,200,1996-12-30,,23.0,21.043478,6.2608695,3.0869565,1.7391304,0.95652175,0.2173913,43.75,34.04255211353302,66.66699981689453,0.5652174
Ronald Holland II,DET,F,6-6,200,2005-12-28,,29.0,16.103449,6.2413793,3.0689654,0.6896552,0.4827586,0.1724138,46.71099853515625,20.68965584039688,79.41200256347656,0.9310345
Max Christie,LAL,G,6-6,200,2003-12-29,,27.0,20.481482,6.185185,2.3703704,1.1851852,0.8518519,0.37037036,41.803001403808594,32.758620381355286,85.18499755859375,0.7407407
Cole Anthony,ORL,PG,6-6,200,2000-12-29,,27.0,11.666667,6.185185,2.2222223,2.2222223,0.4074074,0.18518518,40.4109992980957,30.645161867141724,76.9229965209961,1.2592592
Jamison Battle,TOR,F,6-6,200,2001-12-29,,26.0,13.846154,6.1153846,2.0,0.88461536,0.115384616,0.15384616,48.69599914550781,44.186046719551086,81.81800079345703,0.3846154
Ben Simmons,BKN,PG,6-6,200,1996-12-30,,22.0,24.5,6.0454545,5.5,6.7272725,0.8636364,0.54545456,57.69200134277344,0.0,68.4209976196289,2.8636363
Javonte Green,NO,G,6-6,200,1993-12-31,,28.0,22.25,6.035714,3.2857144,0.75,1.0357143,0.6785714,43.38199996948242,32.758620381355286,74.41899871826172,0.64285713
Isaiah Stewart,DET,C,6-6,200,2001-12-29,,27.0,21.444445,6.0,5.962963,1.7407408,0.4814815,1.2592592,55.172000885009766,23.80952388048172,87.87899780273438,1.074074
Ryan Dunn,PHX,F,6-6,200,2003-12-29,,23.0,17.086956,6.0,2.4347825,0.73913044,0.5217391,0.5652174,42.856998443603516,31.25,41.66699981689453,0.5652174
Donovan Clingan,POR,C,6-6,200,2004-12-28,,21.0,16.571428,5.952381,6.571429,0.52380955,0.47619048,1.9047619,53.608001708984375,35.71428656578064,72.72699737548828,1.0952381
Jonathan Isaac,ORL,PF,6-6,200,1997-12-30,,24.0,16.833334,5.9166665,4.5833335,0.25,0.875,1.4166666,42.62300109863281,28.125,64.51599884033203,0.41666666
Lindy Waters III,GS,F,6-6,200,1997-12-30,,22.0,17.90909,5.8636365,2.590909,1.3636364,0.6818182,0.22727273,38.21099853515625,35.63218414783478,80.0,0.36363637
Jared Butler,WSH,SG,6-6,200,2000-12-29,,19.0,11.157895,5.8421054,1.0,2.5789473,0.36842105,0.10526316,46.316001892089844,28.00000011920929,72.72699737548828,0.7894737
Zach Collins,SA,PF,6-6,200,1997-12-30,,24.0,14.208333,5.8333335,3.3333333,1.75,0.45833334,0.5,47.61899948120117,33.33333432674408,87.5,0.875
Malaki Branham,SA,G,6-6,200,2003-12-29,,21.0,12.095238,5.8095236,1.4285715,1.2380953,0.33333334,0.0952381,43.56399917602539,38.63636255264282,85.0,1.2380953
Keon Johnson,BKN,G,6-6,200,2002-12-29,,26.0,17.576923,5.769231,3.0,1.0769231,0.53846157,0.30769232,33.132999420166016,27.88461446762085,78.57099914550781,1.0
Dean Wade,CLE,PF,6-6,200,1996-12-30,,21.0,22.095238,5.714286,4.8095236,1.3809524,1.0952381,0.3809524,38.095001220703125,34.44444537162781,42.856998443603516,0.23809524
Alex Caruso,OKC,SG,6-6,200,1994-12-31,,19.0,20.157894,5.6842103,2.9473684,2.368421,1.8947369,0.6315789,38.53200149536133,26.98412835597992,77.77799987792969,0.7894737
Jarace Walker,IND,F,6-6,200,2003-12-29,,29.0,17.827587,5.62069,3.4827585,1.5172414,1.0689656,0.31034482,42.9630012512207,36.84210479259491,61.290000915527344,1.3793104
Ricky Council IV,PHI,G,6-6,200,2001-12-29,,21.0,12.571428,5.571429,2.047619,0.7619048,0.33333334,0.1904762,40.44900131225586,26.470589637756348,85.71399688720703,0.3809524
Jonathan Mogbo,TOR,F,6-6,200,2001-12-29,,29.0,17.689655,5.5172415,4.586207,1.7931035,0.82758623,0.44827586,46.21200180053711,30.434781312942505,70.45500183105469,0.8965517
Neemias Queta,BOS,C,6-6,200,1999-12-30,,23.0,16.782608,5.3913045,4.695652,0.73913044,0.3043478,0.95652175,63.095001220703125,0.0,75.0,0.73913044
Ajay Mitchell,OKC,G,6-6,200,2002-12-29,,27.0,15.37037,5.3333335,1.5555556,1.6666666,0.7777778,0.074074075,47.89899826049805,42.424243688583374,84.21099853515625,0.8518519
Matas Buzelis,CHI,F,6-6,200,2004-12-28,,28.0,13.071428,5.321429,2.642857,0.5714286,0.2857143,0.75,37.40999984741211,33.80281627178192,80.76899719238281,0.60714287
Kevon Looney,GS,F,6-6,200,1996-12-30,,25.0,16.64,5.2,7.52,1.8,0.8,0.24,52.33599853515625,0.0,43.902000427246094,0.64
Julian Phillips,CHI,F,6-6,200,2003-12-29,,28.0,14.321428,5.071429,2.142857,0.5,0.64285713,0.2857143,43.86000061035156,33.80281627178192,64.28600311279297,0.42857143
Eric Gordon,PHI,SG,6-6,200,1990-01-01,,19.0,16.631578,5.0,0.94736844,1.2631578,0.68421054,0.2631579,35.95500183105469,27.450981736183167,77.27300262451172,0.7368421
Kyle Anderson,GS,SF,6-6,200,1993-12-31,,25.0,14.52,5.0,2.88,2.28,0.72,0.48,41.17599868774414,34.99999940395355,65.0,0.48
Monte Morris,PHX,PG,6-6,200,1995-12-31,,22.0,12.454545,5.0,1.3636364,1.6818181,0.4090909,0.13636364,43.18199920654297,33.33333432674408,80.0,0.54545456
Jamal Shead,TOR,G,6-6,200,2002-12-29,,27.0,15.148149,5.0,1.1851852,3.1851852,0.5555556,0.11111111,41.22100067138672,32.72727131843567,75.0,1.3703704
Tidjane Salaun,CHA,F,6-6,200,2005-12-28,,24.0,19.041666,4.9583335,4.2083335,1.125,0.5833333,0.16666667,32.52000045776367,29.26829159259796,68.18199920654297,0.7916667
Luke Kornet,BOS,C,6-6,200,1995-12-31,,22.0,16.636364,4.681818,4.681818,1.5909091,0.45454547,1.0,61.290000915527344,0.0,79.41200256347656,0.4090909
Gary Payton II,GS,SG,6-6,200,1992-12-31,,27.0,13.37037,4.6666665,2.851852,1.2592592,0.7407407,0.37037036,53.84600067138672,15.625,60.0,0.5185185
Seth Curry,CHA,SG,6-6,200,1991-01-01,,26.0,12.692307,4.576923,1.3846154,0.46153846,0.5,0.15384616,45.361000061035156,41.50943458080292,81.81800079345703,0.26923078
Kyle Lowry,PHI,PG,6-6,200,1987-01-02,,19.0,20.263159,4.5263157,1.8947369,2.6842105,1.0,0.31578946,36.231998443603516,33.96226465702057,78.26100158691406,0.68421054
Sandro Mamukelashvili,SA,PF,6-6,200,1999-12-30,,20.0,9.25,4.4,2.75,0.35,0.15,0.25,53.57099914550781,43.589743971824646,73.33300018310547,0.45
Kris Murray,POR,F,6-6,200,2000-12-29,,22.0,12.272727,4.318182,2.2272727,0.6818182,0.4090909,0.13636364,47.5,33.33333432674408,40.0,0.54545456
Drew Eubanks,UTAH,PF,6-6,200,1997-12-30,,22.0,13.318182,4.2727275,3.9545455,1.1363636,0.22727273,0.6363636,56.715999603271484,33.33333432674408,58.62099838256836,0.77272725
Gabe Vincent,LAL,PG,6-6,200,1996-12-30,,28.0,18.964285,4.25,1.25,0.89285713,0.85714287,0.17857143,37.189998626708984,32.894736528396606,50.0,0.53571427
Dalen Terry,CHI,F,6-6,200,2002-12-29,,26.0,13.384615,4.1923075,1.3846154,0.9230769,0.5769231,0.30769232,48.10100173950195,37.931033968925476,78.57099914550781,0.88461536
Mason Plumlee,PHX,C,6-6,200,1991-01-01,,26.0,17.115385,4.076923,6.0384617,1.6538461,0.34615386,0.7692308,56.16400146484375,0.0,54.54499816894531,0.84615386
Jett Howard,ORL,G,6-6,200,2003-12-29,,28.0,10.535714,4.035714,1.2142857,0.4642857,0.17857143,0.21428572,36.696998596191406,32.53012001514435,85.71399688720703,0.42857143
Oso Ighodaro,PHX,C,6-6,200,2002-12-29,,21.0,16.0,4.0,3.7142856,0.9047619,0.42857143,0.2857143,61.66699981689453,0.0,76.9229965209961,0.5714286
Blake Wesley,SA,G,6-6,200,2003-12-29,,22.0,11.363636,3.9545455,0.8636364,1.9090909,0.4090909,0.09090909,45.33300018310547,20.000000298023224,71.42900085449219,1.0
Doug McDermott,SAC,SF,6-6,200,1992-12-31,,22.0,9.090909,3.8636363,0.72727275,0.13636364,0.13636364,0.045454547,42.02899932861328,40.67796468734741,60.0,0.09090909
Reed Sheppard,HOU,G,6-6,200,2004-12-28,,26.0,11.653846,3.6923077,1.1538461,1.1923077,0.5,0.34615386,35.922000885009766,31.034481525421143,100.0,0.61538464
Cam Reddish,LAL,SF,6-6,200,1999-12-30,,21.0,19.52381,3.6666667,2.047619,0.71428573,1.1428572,0.3809524,45.0,31.25,68.4209976196289,0.47619048
Nicolas Batum,LAC,PF,6-6,200,1989-01-01,,29.0,18.137932,3.6206896,2.6206896,1.4827586,0.4827586,0.41379312,37.362998962402344,36.986300349235535,76.9229965209961,0.44827586
Andre Jackson Jr.,MIL,G,6-6,200,2001-12-29,,26.0,17.923077,3.5769231,3.1923077,1.5384616,0.7307692,0.26923078,38.709999084472656,34.69387888908386,50.0,1.3076923
Johnny Davis,WSH,G,6-6,200,2002-12-29,,19.0,9.578947,3.5263157,1.6315789,0.42105263,0.6315789,0.31578946,47.36800003051758,33.33333432674408,63.63600158691406,0.21052632
Moussa Diabate,CHA,F,6-6,200,2002-12-29,,26.0,18.961538,3.4230769,7.3461537,0.6923077,0.65384614,0.84615386,58.82400131225586,0.0,42.856998443603516,0.9230769
Rayan Rupert,POR,G,6-6,200,2004-12-28,,22.0,10.318182,3.3181818,1.5454545,0.5,0.3181818,0.09090909,43.07699966430664,31.034481525421143,66.66699981689453,0.54545456
Isaiah Collier,UTAH,G,6-6,200,2004-12-28,,19.0,16.789474,3.0526316,1.7894737,3.1052632,0.84210527,0.21052632,30.66699981689453,13.793103396892548,44.444000244140625,2.2631578
Jabari Walker,POR,F,6-6,200,2002-12-29,,22.0,10.727273,3.0454545,3.0,0.59090906,0.36363637,0.13636364,39.39400100708008,15.000000596046448,85.71399688720703,0.59090906
Delon Wright,MIL,SG,6-6,200,1992-12-31,,20.0,16.1,2.6,1.9,1.6,0.8,0.3,29.507999420166016,25.714287161827087,58.33300018310547,0.5
Anthony Gill,WSH,PF,6-6,200,1992-12-31,,20.0,7.45,2.4,1.25,0.3,0.25,0.05,50.0,33.33333432674408,55.555999755859375,0.25
Dillon Jones,OKC,F,6-6,200,2001-12-29,,21.0,8.428572,2.3809524,2.0,0.71428573,0.1904762,0.04761905,34.54499816894531,21.212121844291687,62.5,0.3809524
Jordan McLaughlin,SAC,PG,6-6,200,1996-12-30,,22.0,7.4545455,2.2272727,0.8636364,0.8636364,0.4090909,0.0,38.46200180053711,39.13043439388275,71.42900085449219,0.4090909
Jericho Sims,NY,C,6-6,200,1998-12-30,,26.0,12.730769,1.8461539,3.8846154,0.61538464,0.26923078,0.34615386,66.66699981689453,0.0,57.14300155639649,0.5769231
Dwight Powell,DAL,C,6-6,200,1992-01-01,,22.0,7.181818,1.5,1.5454545,0.59090906,0.3181818,0.36363637,80.0,0.0,70.83300018310547,0.22727273
Alex Len,SAC,C,6-6,200,1993-12-31,,22.0,6.5,1.3181819,1.5909091,0.77272725,0.13636364,0.54545456,54.16699981689453,0.0,42.856998443603516,0.27272728
Jordan Walsh,BOS,G,6-6,200,2004-12-28,,20.0,8.0,1.3,1.1,0.2,0.25,0.3,30.30299949645996,20.000000298023224,50.0,0.2
Kevin Durant,PHX,PF,6-6,200,1989-01-01,,17.0,35.882355,27.352942,6.5882354,3.9411764,0.7058824,1.1764706,52.36600112915038,42.0560747385025,83.01899719238281,3.4117646
Cam Thomas,BKN,SG,6-6,200,2001-12-29,,17.0,33.411766,24.705883,3.235294,3.3529413,0.7058824,0.05882353,46.12799835205078,38.88888955116272,86.60700225830078,2.8235295
Brandon Ingram,NO,SF,6-6,200,1997-12-30,,18.0,33.055557,22.222221,5.5555553,5.1666665,0.8888889,0.6111111,46.547000885009766,37.3913049697876,85.45500183105469,3.8333333
De'Andre Hunter,ATL,SF,6-6,200,1997-12-30,,18.0,28.222221,20.11111,4.0,1.2222222,0.7222222,0.11111111,48.779998779296875,44.14414465427399,87.9520034790039,1.2777778
Bradley Beal,PHX,SG,6-6,200,1993-12-31,,17.0,33.64706,18.17647,4.1764708,3.1764705,1.0,0.7058824,50.42399978637695,37.5,79.54499816894531,2.2941177
Paul George,PHI,F,6-6,200,1991-01-01,,16.0,31.6875,16.0,5.5625,5.0625,1.875,0.5,41.70399856567383,33.33333432674408,80.0,2.75
Jordan Clarkson,UTAH,PG,6-6,200,1992-12-31,,17.0,25.647058,15.117647,3.2941177,4.0588236,0.88235295,0.1764706,40.82600021362305,31.999999284744263,78.33300018310547,2.3529413
Deandre Ayton,POR,C,6-6,200,1998-12-30,,19.0,30.368422,14.263158,10.052631,1.4210526,0.84210527,0.8947368,55.506999969482415,23.80952388048172,60.86999893188476,1.6842105
Dorian Finney-Smith,BKN,PF,6-6,200,1993-12-31,,19.0,29.052631,10.842105,4.3157897,1.6315789,0.94736844,0.6315789,47.36800003051758,45.192307233810425,65.21700286865234,0.8947368
Patrick Williams,CHI,PF,6-6,200,2001-12-29,,19.0,27.0,9.842105,4.631579,2.2631578,0.8947368,0.57894737,37.058998107910156,37.36263811588287,87.09700012207031,1.6842105
Marcus Smart,MEM,PG,6-6,200,1994-12-31,,18.0,21.222221,9.166667,2.3333333,3.8333333,1.2777778,0.33333334,37.32400131225586,33.33333432674408,83.33300018310547,1.8888888
Nikola Jovic,MIA,F,6-6,200,2003-12-29,,17.0,18.647058,7.8235292,3.4117646,1.117647,0.88235295,0.11764706,44.11800003051758,32.692307233810425,76.47100067138672,0.5882353
Garrison Mathews,ATL,SG,6-6,200,1996-12-30,,20.0,17.5,7.75,1.1,1.35,0.65,0.15,44.11800003051758,45.34883797168732,83.87100219726562,0.55
Noah Clowney,BKN,F,6-6,200,2004-12-28,,19.0,18.368422,7.736842,3.5789473,0.68421054,0.2631579,0.6315789,38.28099822998047,35.63218414783478,75.0,0.7368421
Vasilije Micic,CHA,G,6-6,200,1994-12-31,,17.0,21.941177,7.7058825,2.8235295,3.8235295,0.5294118,0.0,35.76599884033203,35.593220591545105,80.0,2.0
Kyle Filipowski,UTAH,F,6-6,200,2003-12-29,,17.0,18.0,6.8235292,4.4117646,1.8235294,0.47058824,0.11764706,51.80699920654297,30.30303120613098,58.82400131225586,0.9411765
Marcus Sasser,DET,G,6-6,200,2000-12-29,,19.0,13.684211,6.368421,1.0,1.8421053,0.84210527,0.15789473,53.261001586914055,40.47619104385376,100.0,0.7894737
Jordan Miller,LAC,G,6-6,200,2000-12-29,,18.0,14.833333,6.2222223,1.9444444,1.1111112,0.33333334,0.16666667,44.0,25.0,77.27300262451172,0.8333333
Pelle Larsson,MIA,G,6-6,200,2001-12-29,,16.0,16.8125,5.9375,2.0,1.5,0.5625,0.0,53.84600067138672,37.931033968925476,60.86999893188476,0.5625
Kenrich Williams,OKC,SF,6-6,200,1994-12-31,,17.0,12.764706,5.8235292,2.8235295,1.0588236,0.5882353,0.23529412,55.88199996948242,41.66666567325592,100.0,0.23529412
Trey Lyles,SAC,PF,6-6,200,1995-12-31,,20.0,19.5,5.45,3.85,0.9,0.55,0.55,36.275001525878906,34.72222089767456,71.42900085449219,0.5
Charles Bassey,SA,C,6-6,200,2000-12-29,,19.0,11.157895,5.2105265,4.4736843,0.47368422,0.36842105,1.1052631,58.903999328613274,0.0,56.52199935913086,0.7368421
Marvin Bagley III,WSH,PF,6-6,200,1999-12-30,,18.0,8.388889,4.7777777,2.7777777,0.33333334,0.33333334,0.2777778,52.941001892089844,20.000000298023224,63.15800094604492,0.5555556
Aaron Holiday,HOU,G,6-6,200,1996-12-30,,17.0,9.764706,4.352941,1.0588236,1.2352941,0.11764706,0.05882353,47.058998107910156,44.736841320991516,81.81800079345703,0.29411766
Isaac Jones,SAC,C,6-6,200,2000-12-29,,19.0,8.894737,3.8421052,1.6315789,0.15789473,0.10526316,0.42105263,65.95700073242188,25.0,52.63199996948242,0.5263158
Daniel Theis,NO,C,6-6,200,1992-12-31,,20.0,14.2,3.5,3.35,1.3,0.35,0.6,42.856998443603516,26.31579041481018,84.61499786376953,0.6
Johnny Furphy,IND,F,6-6,200,2004-12-28,,18.0,10.055555,3.2222223,1.3888888,0.3888889,0.3888889,0.2777778,41.66699981689453,39.28571343421936,100.0,0.5
Hunter Tyson,DEN,F,6-6,200,2000-12-29,,17.0,9.235294,2.8235295,1.8235294,0.5294118,0.1764706,0.1764706,46.875,31.578946113586426,92.30799865722656,0.47058824
Tyler Kolek,NY,G,6-6,200,2001-12-29,,17.0,6.5882354,2.7058823,0.7058824,0.64705884,0.3529412,0.05882353,42.10499954223633,43.478259444236755,100.0,0.4117647
Craig Porter Jr.,CLE,G,6-6,200,2000-12-29,,18.0,9.111111,2.5555556,0.8888889,1.3333334,0.2777778,0.33333334,55.88199996948242,45.45454680919647,60.0,0.5
Kai Jones,LAC,PF,6-6,200,2001-12-29,,20.0,7.7,1.95,1.7,0.4,0.3,0.45,75.0,0.0,75.0,0.4
Olivier-Maxence Prosper,DAL,F,6-6,200,2002-12-29,,18.0,6.7777777,1.8333334,1.6111112,0.3888889,0.16666667,0.11111111,35.29399871826172,33.33333432674408,55.555999755859375,0.055555556
Christian Koloko,LAL,C,6-6,200,2000-12-29,,18.0,9.388889,1.7222222,2.1111112,0.22222222,0.2777778,0.3888889,58.33300018310547,0.0,75.0,0.2777778
Zeke Nnaji,DEN,PF,6-6,200,2001-12-29,,16.0,4.9375,1.3125,0.4375,0.25,0.0625,0.125,43.47800064086914,0.0,20.0,0.125
Caleb Houstan,ORL,G,6-6,200,2003-12-29,,19.0,5.8421054,1.2631578,0.47368422,0.10526316,0.0,0.10526316,27.586000442504883,25.0,100.0,0.05263158
Colby Jones,SAC,G,6-6,200,2002-12-29,,19.0,5.631579,1.1578947,1.0,0.21052632,0.2631579,0.2631579,39.130001068115234,44.44444477558136,0.0,0.31578946
Xavier Tillman,BOS,F,6-6,200,1999-12-30,,18.0,8.388889,1.0,1.8333334,0.33333334,0.2777778,0.16666667,23.33300018310547,18.75,50.0,0.33333334
